[
  {
    "departman": "Mühendislik",
    "pozisyon": "Koordinatör",
    "maas": 15750.0,
    "izin_gunu": 25,
    "id": 102,
    "isim": "Ahmet",
    "soyisim": "Kaya",
    "eposta": "ahmet@example.com",
    "sifre": "ahmet829",
    "telefon": 5558940896
  },
  {
    "departman": "Bilgi Teknolojileri",
    "pozisyon": "Analist",
    "maas": 21120.49,
    "izin_gunu": 30,
    "id": 104,
    "isim": "Emre",
    "soyisim": "Çelik",
    "eposta": "emre.çelik@example.com",
    "sifre": "emre652",
    "telefon": 5555745150
  },
  {
    "departman": "Bilgi Teknolojileri",
    "pozisyon": "Tekniker",
    "maas": 24541.26,
    "izin_gunu": 15,
    "id": 105,
    "isim": "Ayşe",
    "soyisim": "Yıldız",
    "eposta": "ayşe.yıldız@example.com",
    "sifre": "ayşe144",
    "telefon": 5555451415
  },
  {
    "departman": "Satış",
    "pozisyon": "Analist",
    "maas": 19255.52,
    "izin_gunu": 18,
    "id": 106,
    "isim": "Mehmet",
    "soyisim": "Kara",
    "eposta": "mehmet.kaya@example.com",
    "sifre": "1",
    "telefon": 5553053996
  },
  {
    "departman": "Satış",
    "pozisyon": "Temsilci",
    "maas": 16655.93,
    "izin_gunu": 16,
    "id": 107,
    "isim": "Fatma",
    "soyisim": "Demir",
    "eposta": "fatma.demir@example.com",
    "sifre": "fatma294",
    "telefon": 5553867297
  },
  {
    "departman": "Satış",
    "pozisyon": "Temsilci",
    "maas": 25682.269600000003,
    "izin_gunu": 16,
    "id": 108,
    "isim": "Ali",
    "soyisim": "Özkan",
    "eposta": "ali.özkan@example.com",
    "sifre": "ali591",
    "telefon": 5557610083
  },
  {
    "departman": "Bilgi Teknolojileri",
    "pozisyon": "Tekniker",
    "maas": 22573.36,
    "izin_gunu": 20,
    "id": 109,
    "isim": "Canan",
    "soyisim": "Şahin",
    "eposta": "canan.şahin@example.com",
    "sifre": "canan597",
    "telefon": 5553466716
  },
  {
    "departman": "Lojistik",
    "pozisyon": "Analist",
    "maas": 21043.51,
    "izin_gunu": 21,
    "id": 110,
    "isim": "Hakan",
    "soyisim": "Güçlü",
    "eposta": "hakan.güçlü@example.com",
    "sifre": "hakan997",
    "telefon": 5551314643
  },
  {
    "departman": "Mühendislik",
    "pozisyon": "Uzman",
    "maas": 21874.85,
    "izin_gunu": 21,
    "id": 111,
    "isim": "Elif",
    "soyisim": "Aydın",
    "eposta": "elif.aydın@example.com",
    "sifre": "elif596",
    "telefon": 5556008834
  },
  {
    "departman": "Bilgi Teknolojileri",
    "pozisyon": "Koordinatör",
    "maas": 19517.28,
    "izin_gunu": 25,
    "id": 112,
    "isim": "Oğuz",
    "soyisim": "Yalçın",
    "eposta": "oğuz.yalçın@example.com",
    "sifre": "oğuz205",
    "telefon": 5551227261
  },
  {
    "departman": "Lojistik",
    "pozisyon": "Koordinatör",
    "maas": 20708.6,
    "izin_gunu": 23,
    "id": 113,
    "isim": "Berna",
    "soyisim": "Eren",
    "eposta": "berna.eren@example.com",
    "sifre": "berna325",
    "telefon": 5557761744
  },
  {
    "departman": "Lojistik",
    "pozisyon": "Analist",
    "maas": 20594.4,
    "izin_gunu": 24,
    "id": 114,
    "isim": "Deniz",
    "soyisim": "Sezer",
    "eposta": "deniz.sezer@example.com",
    "sifre": "deniz980",
    "telefon": 5559808333
  },
  {
    "departman": "Lojistik",
    "pozisyon": "Tekniker",
    "maas": 23833.06,
    "izin_gunu": 25,
    "id": 115,
    "isim": "Yusuf",
    "soyisim": "Arslan",
    "eposta": "yusuf.arslan@example.com",
    "sifre": "yusuf707",
    "telefon": 5552742346
  },
  {
    "departman": "Pazarlama",
    "pozisyon": "Temsilci",
    "maas": 16519.03,
    "izin_gunu": 24,
    "id": 116,
    "isim": "Hale",
    "soyisim": "Tan",
    "eposta": "hale.tan@example.com",
    "sifre": "hale521",
    "telefon": 5556829842
  },
  {
    "departman": "Bilgi Teknolojileri",
    "pozisyon": "Analist",
    "maas": 25433.0128,
    "izin_gunu": 23,
    "id": 117,
    "isim": "Murat",
    "soyisim": "Koç",
    "eposta": "murat.koç@example.com",
    "sifre": "murat601",
    "telefon": 5551165147
  },
  {
    "departman": "Mühendislik",
    "pozisyon": "Analist",
    "maas": 21751.64,
    "izin_gunu": 22,
    "id": 118,
    "isim": "Sevgi",
    "soyisim": "Yılmaz",
    "eposta": "sevgi.yılmaz@example.com",
    "sifre": "sevgi871",
    "telefon": 5553565804
  },
  {
    "departman": "Lojistik",
    "pozisyon": "Analist",
    "maas": 20115.11,
    "izin_gunu": 26,
    "id": 119,
    "isim": "Bora",
    "soyisim": "Öztürk",
    "eposta": "bora.öztürk@example.com",
    "sifre": "bora478",
    "telefon": 5554316422
  },
  {
    "departman": "Satış",
    "pozisyon": "Koordinatör",
    "maas": 22787.86,
    "izin_gunu": 22,
    "id": 120,
    "isim": "Ceren",
    "soyisim": "Doğan",
    "eposta": "ceren.doğan@example.com",
    "sifre": "ceren766",
    "telefon": 5553871923
  }
]