[
  {
    "departman": "Satın Alma",
    "pozisyon": "Satın Alma Uzmanı",
    "maas": 20000.0,
    "izin_gunu": 20,
    "id": 102,
    "isim": "Zeynep",
    "soyisim": "Aksoy",
    "eposta": "zeynep.aksoy@example.com",
    "sifre": "zeynep456",
    "telefon": 5552345678
  },
  {
    "departman": "Lojistik",
    "pozisyon": "Lojistik Koordinatörü",
    "maas": 17000.0,
    "izin_gunu": 20,
    "id": 103,
    "isim": "Emre",
    "soyisim": "Çelik",
    "eposta": "emre.celik@example.com",
    "sifre": "emre789",
    "telefon": 5553456789
  },
  {
    "departman": "Pazarlama",
    "pozisyon": "Pazarlama Müdürü",
    "maas": 18000.0,
    "izin_gunu": 25,
    "id": 107,
    "isim": "Ayşe",
    "soyisim": "Yıldız",
    "eposta": "ayse.yildiz@example.com",
    "sifre": "",
    "telefon": 5554567890
  },
  {
    "departman": "Satış",
    "pozisyon": "Satış Personeli",
    "maas": 18000.0,
    "izin_gunu": 30,
    "id": 109,
    "isim": "Caner ",
    "soyisim": "Sarıoğlu",
    "eposta": "caner.sarioglu@example.com",
    "sifre": "654123",
    "telefon": 5216145123
  }
]